filename,tipo_bebida,etiqueta_mal_colocada,contenido_incorrecto,subllenado,llenado,mediollenado
img0001.jpg,1,0,0,0,1,0
img0002.jpg,1,0,0,0,1,0
img0003.jpg,1,0,0,0,1,0
img0004.jpg,1,0,0,0,1,0
img0005.jpg,1,0,0,0,1,0
img0006.jpg,1,0,0,0,1,0
img0007.jpg,1,0,0,0,1,0
img0008.jpg,1,0,0,0,1,0
img0009.jpg,1,0,0,0,1,0
img0010.jpg,1,1,0,0,1,0
img0011.jpg,1,1,0,0,1,0
img0012.jpg,1,1,0,0,1,0
img0013.jpg,1,1,0,0,1,0
img0014.jpg,1,1,0,0,1,0
img0015.jpg,1,1,0,0,1,0
img0016.jpg,1,1,0,0,1,0
img0017.jpg,1,0,1,1,0,0
img0018.jpg,1,0,1,1,0,0
img0019.jpg,1,0,1,1,0,0
img0020.jpg,1,0,1,1,0,0
img0021.jpg,1,0,1,1,0,0
img0022.jpg,1,0,1,1,0,0
img0023.jpg,1,0,1,1,0,0
img0024.jpg,1,0,1,1,0,0
img0025.jpg,1,0,1,1,0,0
img0026.jpg,1,0,1,1,0,0
img0027.jpg,1,0,1,0,0,1
img0028.jpg,1,0,1,0,0,1
img0029.jpg,1,0,1,0,0,1
img0030.jpg,1,0,1,0,0,1
img0031.jpg,1,0,1,0,0,1
img0032.jpg,1,0,1,0,0,1
img0033.jpg,1,0,1,0,0,1
img0034.jpg,1,0,1,0,0,1
img0035.jpg,1,0,1,0,0,1
img0036.jpg,1,0,1,0,0,1
img0037.jpg,1,0,1,0,0,1
img0038.jpg,1,0,1,0,0,1
img0039.jpg,1,0,1,0,0,1
img0040.jpg,1,0,1,0,0,1
img0041.jpg,1,0,1,0,0,1
img0042.jpg,1,0,1,0,0,1
img0043.jpg,1,0,1,0,0,1
img0044.jpg,1,0,1,0,0,1
img0045.jpg,1,0,1,0,0,1
img0046.jpg,1,0,1,0,0,1
img0047.jpg,1,0,1,0,0,1
img0048.jpg,1,0,1,0,0,1
img0049.jpg,1,0,1,0,0,1
img0050.jpg,1,0,1,0,0,1
img0051.jpg,1,0,1,0,0,1
img0052.jpg,1,0,1,0,0,1
img0053.jpg,1,0,1,0,0,1
img0054.jpg,1,0,1,0,0,1
img0055.jpg,1,0,1,0,0,1
img0056.jpg,1,0,1,0,0,1
img0059.jpg,1,0,1,1,0,0
img0060.jpg,1,0,1,1,0,0
img0061.jpg,1,0,1,1,0,0
img0062.jpg,1,0,1,1,0,0
img0063.jpg,1,0,1,1,0,0
img0064.jpg,1,0,1,1,0,0
img0065.jpg,1,0,1,1,0,0
img0066.jpg,1,0,1,1,0,0
img0067.jpg,1,0,1,1,0,0
img0068.jpg,1,0,1,1,0,0
img0069.jpg,1,0,1,1,0,0
img0070.jpg,1,0,1,1,0,0
img0071.jpg,1,0,1,1,0,0
img0072.jpg,1,0,1,1,0,0
img0073.jpg,1,0,1,1,0,0
img0074.jpg,1,0,1,1,0,0
img0075.jpg,1,0,1,1,0,0
img0076.jpg,1,0,1,1,0,0
img0077.jpg,1,0,1,1,0,0
img0078.jpg,1,0,1,1,0,0
img0079.jpg,1,0,1,1,0,0
img0080.jpg,1,0,1,1,0,0
img0081.jpg,1,0,1,1,0,0
img0082.jpg,1,0,1,1,0,0
img0083.jpg,1,0,1,1,0,0
img0084.jpg,1,0,1,1,0,0
img0085.jpg,1,0,1,1,0,0
img0086.jpg,1,0,1,1,0,0
img0087.jpg,1,0,1,1,0,0
img0088.jpg,1,0,1,1,0,0
img0089.jpg,1,0,1,1,0,0
img0090.jpg,1,0,1,1,0,0
img0091.jpg,1,0,1,1,0,0
img0092.jpg,1,0,1,1,0,0
img0093.jpg,1,0,1,1,0,0
img0094.jpg,1,0,1,1,0,0
img0095.jpg,1,0,1,1,0,0
img0096.jpg,1,0,1,1,0,0
img0097.jpg,1,0,1,1,0,0
img0098.jpg,1,0,1,1,0,0
img0099.jpg,1,0,1,1,0,0
img0100.jpg,1,0,1,1,0,0
img0101.jpg,1,0,1,1,0,0
img0102.jpg,1,0,1,1,0,0
img0103.jpg,1,0,1,1,0,0
img0104.jpg,1,0,1,1,0,0
img0105.jpg,1,0,1,1,0,0
img0106.jpg,1,0,1,1,0,0
img0107.jpg,1,0,1,1,0,0
img0108.jpg,1,0,1,1,0,0
img0109.jpg,1,0,1,1,0,0
img0110.jpg,1,0,1,1,0,0
img0111.jpg,1,0,1,1,0,0
img0112.jpg,1,0,1,1,0,0
img0113.jpg,1,0,1,1,0,0
img0114.jpg,1,0,1,1,0,0
img0115.jpg,1,0,1,1,0,0
img0116.jpg,1,0,1,1,0,0
img0117.jpg,1,0,1,1,0,0
img0118.jpg,1,0,1,1,0,0
img0119.jpg,1,0,1,1,0,0
img0120.jpg,1,0,1,1,0,0
img0121.jpg,1,0,1,1,0,0
img0122.jpg,1,0,1,1,0,0
img0123.jpg,1,0,1,1,0,0
img0124.jpg,1,0,1,1,0,0
img0125.jpg,1,0,1,1,0,0
img0126.jpg,1,0,1,1,0,0
img0127.jpg,1,0,1,1,0,0
img0128.jpg,1,0,1,1,0,0
img0129.jpg,1,0,1,1,0,0
img0130.jpg,1,0,1,1,0,0
img0131.jpg,1,0,1,1,0,0
img0132.jpg,1,0,1,1,0,0
img0133.jpg,1,0,1,1,0,0
img0134.jpg,1,0,1,1,0,0
img0135.jpg,1,0,1,1,0,0
img0136.jpg,2,1,0,1,0,0
img0137.jpg,2,1,0,1,0,0
img0138.jpg,2,1,0,1,0,0
img0139.jpg,2,1,0,1,0,0
img0140.jpg,2,1,0,1,0,0
img0141.jpg,2,1,0,1,0,0
img0142.jpg,2,1,0,0,0,1
img0143.jpg,2,1,0,0,0,1
img0144.jpg,2,1,0,0,0,1
img0145.jpg,2,1,0,0,0,1
img0146.jpg,2,1,0,0,0,1
img0147.jpg,2,1,0,0,0,1
img0148.jpg,2,1,0,0,0,1
img0149.jpg,2,1,0,0,0,1
img0150.jpg,2,1,0,0,1,0
img0151.jpg,2,1,0,0,1,0
img0152.jpg,2,1,0,0,1,0
img0153.jpg,2,1,0,0,1,0
img0154.jpg,2,1,0,0,1,0
img0155.jpg,2,1,0,0,1,0
img0156.jpg,2,1,0,0,1,0
img0157.jpg,2,1,0,0,1,0
img0158.jpg,2,1,1,1,0,0
img0159.jpg,2,1,1,1,0,0
img0160.jpg,2,1,1,1,0,0
img0161.jpg,2,1,1,1,0,0
img0162.jpg,2,1,1,1,0,0
img0163.jpg,2,1,1,1,0,0
img0164.jpg,2,1,1,1,0,0
img0165.jpg,2,1,1,0,0,1
img0166.jpg,2,1,1,0,0,1
img0167.jpg,2,1,1,0,0,1
img0168.jpg,2,1,1,0,0,1
img0169.jpg,2,1,1,0,0,1
img0170.jpg,2,1,1,0,0,1
img0171.jpg,2,1,1,0,0,1
img0172.jpg,2,1,1,0,0,1
img0173.jpg,2,1,1,0,0,1
img0174.jpg,2,1,1,0,1,0
img0175.jpg,2,1,1,0,1,0
img0176.jpg,2,1,1,0,1,0
img0177.jpg,2,1,1,0,1,0
img0178.jpg,2,1,1,0,1,0
img0179.jpg,2,1,1,0,1,0
img0180.jpg,2,1,1,1,0,0
img0181.jpg,2,1,1,1,0,0
img0182.jpg,2,1,1,1,0,0
img0183.jpg,2,1,1,1,0,0
img0184.jpg,2,1,1,1,0,0
img0185.jpg,2,1,1,1,0,0
img0186.jpg,2,1,1,1,0,0
img0187.jpg,2,1,1,1,0,0
img0188.jpg,2,1,1,0,0,1
img0189.jpg,2,1,1,0,0,1
img0190.jpg,2,1,1,0,0,1
img0191.jpg,2,1,1,0,0,1
img0192.jpg,2,1,1,0,0,1
img0193.jpg,2,1,1,0,0,1
img0194.jpg,2,1,1,0,0,1
img0195.jpg,2,1,1,0,1,0
img0196.jpg,2,1,1,0,1,0
img0197.jpg,2,1,1,0,1,0
img0198.jpg,2,1,1,0,1,0
img0199.jpg,2,1,1,0,1,0
img0200.jpg,2,1,1,0,1,0
img0400.jpg,0,0,0,0,1,0
img0401.jpg,0,0,0,0,1,0
img0402.jpg,0,0,0,0,1,0
img0403.jpg,0,0,0,0,1,0
img0404.jpg,0,0,0,0,1,0
img0405.jpg,0,0,0,0,1,0
img0406.jpg,0,0,0,0,1,0
img0407.jpg,0,0,0,0,1,0
img0408.jpg,0,0,0,0,1,0
img0409.jpg,0,0,0,0,1,0
img0410.jpg,1,0,0,0,1,0
img0411.jpg,1,0,0,0,1,0
img0412.jpg,1,0,0,0,1,0
img0413.jpg,1,0,0,0,1,0
img0414.jpg,1,0,0,0,1,0
img0415.jpg,1,0,0,0,1,0
img0416.jpg,1,0,0,0,1,0
img0417.jpg,1,0,0,0,1,0
img0418.jpg,1,0,0,0,1,0
img0419.jpg,1,0,0,0,1,0
img0420.jpg,1,0,0,0,1,0
img0421.jpg,2,0,0,0,1,0
img0422.jpg,2,0,0,0,1,0
img0423.jpg,2,0,0,0,1,0
img0424.jpg,2,0,0,0,1,0
img0425.jpg,2,0,0,0,1,0
img0426.jpg,2,0,0,0,1,0
img0427.jpg,2,0,0,0,1,0
img0428.jpg,2,0,0,0,1,0
img0429.jpg,2,0,0,0,1,0
img0430.jpg,2,0,0,0,1,0
img0431.jpg,2,0,0,0,1,0
img0432.jpg,0,1,0,0,1,0
img0433.jpg,0,1,0,0,1,0
img0434.jpg,0,1,0,0,1,0
img0435.jpg,0,1,0,0,1,0
img0436.jpg,0,1,0,0,0,1
img0437.jpg,0,1,0,0,0,1
img0438.jpg,0,1,0,0,0,1
img0439.jpg,0,1,0,0,0,1
img0440.jpg,0,1,0,0,0,1
img0441.jpg,0,1,0,1,0,0
img0442.jpg,0,1,0,1,0,0
img0443.jpg,0,1,0,1,0,0
img0444.jpg,0,1,0,1,0,0
img0445.jpg,0,1,0,1,0,0
img0446.jpg,0,1,0,1,0,0
img0447.jpg,0,1,0,1,0,0
img0448.jpg,1,0,0,0,0,1
img0449.jpg,1,0,0,0,0,1
img0450.jpg,1,0,0,0,0,1
img0451.jpg,1,0,0,0,0,1
img0452.jpg,1,0,0,0,0,1
img0453.jpg,1,0,0,0,0,1
img0454.jpg,1,0,0,1,0,0
img0455.jpg,1,0,0,1,0,0
img0456.jpg,1,0,0,1,0,0
img0457.jpg,1,0,0,1,0,0
img0458.jpg,1,0,0,1,0,0
img0459.jpg,1,0,0,1,0,0
img0460.jpg,1,1,0,1,0,0
img0461.jpg,1,1,0,1,0,0
img0462.jpg,1,1,0,1,0,0
img0463.jpg,1,1,0,1,0,0
img0464.jpg,1,1,0,1,0,0
img0465.jpg,1,1,0,1,0,0
img0466.jpg,1,1,0,1,0,0
img0467.jpg,1,1,0,1,0,0
img0468.jpg,1,1,0,1,0,0
img0469.jpg,1,1,0,1,0,0
img0470.jpg,1,1,0,1,0,0
img0471.jpg,1,1,0,0,0,1
img0472.jpg,1,1,0,0,0,1
img0473.jpg,1,1,0,0,0,1
img0474.jpg,1,1,0,0,0,1
img0475.jpg,1,1,0,0,0,1
img0476.jpg,1,1,0,0,0,1
img0477.jpg,1,1,0,0,0,1
img0478.jpg,1,1,0,0,0,1
img0479.jpg,1,1,0,0,0,1
img0480.jpg,1,1,0,0,1,0
img0481.jpg,1,1,0,0,1,0
img0482.jpg,1,1,0,0,1,0
img0483.jpg,1,1,0,0,1,0
img0484.jpg,1,1,0,0,1,0
img0485.jpg,1,1,0,0,1,0
img0486.jpg,1,1,0,0,1,0
img0487.jpg,1,1,0,0,1,0
img0488.jpg,1,1,0,0,1,0
img0489.jpg,1,1,0,0,1,0
img0490.jpg,1,1,0,0,1,0
img0491.jpg,2,0,0,0,0,1
img0492.jpg,2,0,0,0,0,1
img0493.jpg,2,0,0,0,0,1
img0494.jpg,2,0,0,0,0,1
img0495.jpg,2,0,0,0,0,1
img0496.jpg,2,0,0,0,0,1
img0497.jpg,2,0,0,1,0,0
img0498.jpg,2,0,0,1,0,0
img0499.jpg,2,0,0,1,0,0
img0500.jpg,2,0,0,1,0,0
img0501.jpg,2,0,0,1,0,0
img0502.jpg,2,0,0,1,0,0
img0503.jpg,2,0,0,1,0,0
img0504.jpg,2,1,0,1,0,0
img0505.jpg,2,1,0,1,0,0
img0506.jpg,2,1,0,1,0,0
img0507.jpg,2,1,0,1,0,0
img0508.jpg,2,1,0,1,0,0
img0509.jpg,2,1,0,1,0,0
img0510.jpg,2,1,0,1,0,0
img0511.jpg,2,1,0,1,0,0
img0512.jpg,2,1,0,0,0,1
img0513.jpg,2,1,0,0,0,1
img0514.jpg,2,1,0,0,0,1
img0515.jpg,2,1,0,0,0,1
img0516.jpg,2,1,0,0,0,1
img0517.jpg,2,1,0,0,0,1
img0518.jpg,2,1,0,0,1,0
img0519.jpg,2,1,0,0,1,0
img0520.jpg,2,1,0,0,1,0
img0521.jpg,2,1,0,0,1,0
img0522.jpg,2,1,0,0,1,0
img0523.jpg,2,1,0,0,1,0
img0524.jpg,1,1,0,0,1,0
img0525.jpg,1,1,0,0,1,0
img0526.jpg,0,0,1,1,0,0
img0527.jpg,0,0,1,1,0,0
img0528.jpg,0,0,1,1,0,0
img0529.jpg,0,0,1,1,0,0
img0530.jpg,0,0,1,1,0,0
img0531.jpg,0,0,1,1,0,0
img0532.jpg,0,0,1,0,0,1
img0533.jpg,0,0,1,0,0,1
img0534.jpg,0,0,1,0,0,1
img0535.jpg,0,0,1,0,0,1
img0536.jpg,0,0,1,0,0,1
img0537.jpg,0,0,1,0,0,1
img0538.jpg,0,0,1,0,0,1
img0539.jpg,0,0,1,0,1,0
img0540.jpg,0,0,1,0,1,0
img0541.jpg,0,0,1,0,1,0
img0542.jpg,0,0,1,0,1,0
img0543.jpg,0,0,1,0,1,0
img0544.jpg,0,0,1,0,1,0
img0545.jpg,0,0,1,0,1,0
img0546.jpg,0,0,1,0,1,0
img0547.jpg,0,0,1,1,0,0
img0548.jpg,0,0,1,1,0,0
img0549.jpg,0,0,1,1,0,0
img0550.jpg,0,0,1,1,0,0
img0551.jpg,0,0,1,1,0,0
img0552.jpg,0,0,1,1,0,0
img0553.jpg,0,0,1,0,0,1
img0554.jpg,0,0,1,0,0,1
img0555.jpg,0,0,1,0,0,1
img0556.jpg,0,0,1,0,0,1
img0557.jpg,0,0,1,0,0,1
img0558.jpg,0,0,1,0,0,1
img0559.jpg,0,0,1,0,0,1
img0560.jpg,0,0,1,0,1,0
img0561.jpg,0,0,1,0,1,0
img0562.jpg,0,0,1,0,1,0
img0563.jpg,0,0,1,0,1,0
img0564.jpg,0,0,1,0,1,0
img0565.jpg,0,0,1,0,1,0
img0566.jpg,0,0,1,0,1,0
img0567.jpg,0,0,1,0,1,0
img0568.jpg,0,0,0,1,0,0
img0569.jpg,0,0,0,1,0,0
img0570.jpg,0,0,0,1,0,0
img0571.jpg,0,0,0,1,0,0
img0572.jpg,0,0,0,1,0,0
img0573.jpg,0,0,0,1,0,0
img0574.jpg,0,0,0,1,0,0
img0575.jpg,0,0,0,1,0,0
img0576.jpg,0,0,0,0,0,1
img0577.jpg,0,0,0,0,0,1
img0578.jpg,0,0,0,0,0,1
img0579.jpg,0,0,0,0,0,1
img0580.jpg,0,0,0,0,0,1
img0581.jpg,0,0,0,0,0,1
img0582.jpg,0,0,0,0,0,1
img0583.jpg,0,0,0,0,0,1
img0584.jpg,1,0,1,1,0,0
img0585.jpg,1,0,1,1,0,0
img0586.jpg,1,0,1,1,0,0
img0587.jpg,1,0,1,1,0,0
img0588.jpg,1,0,1,1,0,0
img0589.jpg,1,0,1,1,0,0
img0590.jpg,1,0,1,1,0,0
img0591.jpg,1,0,1,1,0,0
img0592.jpg,1,0,1,0,0,1
img0593.jpg,1,0,1,0,0,1
img0594.jpg,1,0,1,0,0,1
img0595.jpg,1,0,1,0,0,1
img0596.jpg,1,0,1,0,0,1
img0597.jpg,1,0,1,0,0,1
img0598.jpg,1,0,1,0,0,1
img0599.jpg,1,0,1,0,0,1
img0600.jpg,1,0,1,0,1,0
img0601.jpg,1,0,1,0,1,0
img0602.jpg,1,0,1,0,1,0
img0603.jpg,1,0,1,0,1,0
img0604.jpg,1,0,1,0,1,0
img0605.jpg,1,0,1,0,1,0
img0606.jpg,1,0,1,0,1,0
img0607.jpg,1,0,1,0,1,0
img0608.jpg,1,0,1,0,0,1
img0609.jpg,1,0,1,0,0,1
img0610.jpg,1,0,1,0,0,1
img0611.jpg,1,0,1,0,0,1
img0612.jpg,1,0,1,0,0,1
img0613.jpg,1,0,1,0,0,1
img0614.jpg,1,0,1,0,0,1
img0615.jpg,1,0,1,0,0,1
img0616.jpg,1,0,1,0,0,1
img0617.jpg,1,0,1,0,0,1
img0618.jpg,1,0,1,0,0,1
img0619.jpg,1,0,1,0,0,1
img0620.jpg,1,0,1,0,0,1
img0621.jpg,1,0,1,0,0,1
img0622.jpg,1,0,1,0,0,1
img0623.jpg,1,0,1,0,0,1
img0624.jpg,1,0,1,0,0,1
img0625.jpg,1,0,1,0,1,0
img0626.jpg,1,0,1,0,1,0
img0627.jpg,1,0,1,0,1,0
img0628.jpg,1,0,1,0,1,0
img0629.jpg,1,0,1,0,1,0
img0630.jpg,1,0,1,0,1,0
img0631.jpg,1,0,1,0,1,0
img0632.jpg,1,0,1,0,1,0
img0633.jpg,2,0,1,0,1,0
img0634.jpg,2,0,1,0,1,0
img0635.jpg,2,0,1,0,1,0
img0636.jpg,2,0,1,0,1,0
img0637.jpg,2,0,1,0,1,0
img0638.jpg,2,0,1,0,1,0
img0639.jpg,2,0,1,0,1,0
img0640.jpg,2,0,1,0,1,0
img0641.jpg,2,0,1,0,0,1
img0642.jpg,2,0,1,0,0,1
img0643.jpg,2,0,1,0,0,1
img0644.jpg,2,0,1,0,0,1
img0645.jpg,2,0,1,0,0,1
img0646.jpg,2,0,1,0,0,1
img0647.jpg,2,0,1,0,0,1
img0648.jpg,2,0,1,0,0,1
img0649.jpg,2,0,1,1,0,0
img0650.jpg,2,0,1,1,0,0
img0651.jpg,2,0,1,1,0,0
img0652.jpg,2,0,1,1,0,0
img0653.jpg,2,0,1,1,0,0
img0654.jpg,2,0,1,1,0,0
img0655.jpg,2,0,1,1,0,0
img0656.jpg,2,0,1,1,0,0
img0657.jpg,2,0,1,1,0,0
img0658.jpg,2,0,1,1,0,0
img0659.jpg,2,0,1,1,0,0
img0660.jpg,2,0,1,1,0,0
img0661.jpg,2,0,1,1,0,0
img0662.jpg,2,0,1,0,0,1
img0663.jpg,2,0,1,0,0,1
img0664.jpg,2,0,1,0,0,1
img0665.jpg,2,0,1,0,0,1
img0666.jpg,2,0,1,0,0,1
img0667.jpg,2,0,1,0,0,1
img0668.jpg,2,0,1,0,0,1
img0669.jpg,2,0,1,0,1,0
img0670.jpg,2,0,1,0,1,0
img0671.jpg,2,0,1,0,1,0
img0672.jpg,2,0,1,0,1,0
img0673.jpg,2,0,1,0,1,0
img0674.jpg,2,0,1,0,1,0
img0675.jpg,2,0,1,0,1,0
img0676.jpg,2,0,1,0,1,0
img0677.jpg,0,0,0,0,1,0
img0678.jpg,0,0,0,0,1,0
img0679.jpg,0,0,0,0,1,0
img0680.jpg,0,0,0,0,1,0
img0681.jpg,0,0,0,0,1,0
img0682.jpg,0,0,0,0,1,0
img0683.jpg,0,0,0,0,1,0
img0684.jpg,1,0,0,0,1,0
img0685.jpg,1,0,0,0,1,0
img0686.jpg,1,0,0,0,1,0
img0687.jpg,1,0,0,0,1,0
img0688.jpg,1,0,0,0,1,0
img0689.jpg,1,0,0,0,1,0
img0690.jpg,1,0,0,0,1,0
img0691.jpg,1,0,0,0,1,0
img0692.jpg,2,0,0,0,1,0
img0693.jpg,2,0,0,0,1,0
img0694.jpg,2,0,0,0,1,0
img0695.jpg,2,0,0,0,1,0
img0696.jpg,2,0,0,0,1,0
img0697.jpg,2,0,0,0,1,0
img0698.jpg,2,0,0,0,1,0
img0699.jpg,2,0,0,0,0,1
img0700.jpg,2,0,0,0,0,1
img0701.jpg,2,0,0,0,0,1
img0702.jpg,2,0,0,0,0,1
img0703.jpg,2,0,0,0,0,1
img0704.jpg,2,0,0,0,0,1
img0705.jpg,2,0,0,0,0,1
img0706.jpg,2,0,0,0,0,1
img0707.jpg,2,0,0,1,0,0
img0708.jpg,2,0,0,1,0,0
img0709.jpg,2,0,0,1,0,0
img0710.jpg,2,0,0,1,0,0
img0711.jpg,2,0,0,1,0,0
img0712.jpg,2,0,0,1,0,0
img0713.jpg,2,0,0,1,0,0
img0714.jpg,2,0,0,1,0,0
img0715.jpg,0,0,0,0,0,1
img0716.jpg,0,0,0,0,0,1
img0717.jpg,0,0,0,0,0,1
img0718.jpg,0,0,0,0,0,1
img0719.jpg,0,0,0,0,0,1
img0720.jpg,0,0,0,0,0,1
img0721.jpg,0,0,0,0,0,1
img0722.jpg,0,0,0,1,0,0
img0723.jpg,0,0,0,1,0,0
img0724.jpg,0,0,0,1,0,0
img0725.jpg,0,0,0,1,0,0
img0726.jpg,0,0,0,1,0,0
img0727.jpg,0,0,0,1,0,0
img0728.jpg,0,0,0,1,0,0
img0729.jpg,1,0,0,0,0,1
img0730.jpg,1,0,0,0,0,1
img0731.jpg,1,0,0,0,0,1
img0732.jpg,1,0,0,0,0,1
img0733.jpg,1,0,0,0,0,1
img0734.jpg,1,0,0,0,0,1
img0735.jpg,1,0,0,0,0,1
img0736.jpg,1,0,0,0,0,0
img0737.jpg,1,0,0,0,0,0
img0738.jpg,1,0,0,0,0,0
img0739.jpg,1,0,0,0,0,0
img0740.jpg,1,0,0,0,0,0
img0741.jpg,1,0,0,0,0,0
img0742.jpg,1,0,0,0,0,0
img0743.jpg,1,0,0,0,0,0
img0744.jpg,1,0,0,0,0,0
img0745.jpg,1,0,0,0,0,0
img0746.jpg,1,0,0,0,0,0
img0747.jpg,1,0,0,0,0,0
img0748.jpg,1,0,0,0,0,0
img0749.jpg,1,0,0,0,0,0
img0750.jpg,1,0,0,0,0,0
img0751.jpg,1,0,0,0,0,0
img0752.jpg,1,0,0,0,0,1
img0753.jpg,1,0,0,0,0,1
img0754.jpg,1,0,0,0,0,1
img0755.jpg,1,0,0,0,0,1
img0756.jpg,1,0,0,0,0,1
img0757.jpg,1,0,0,0,0,1
img0758.jpg,1,0,0,0,0,1
img0759.jpg,1,0,0,0,1,0
img0760.jpg,1,0,0,0,1,0
img0761.jpg,1,0,0,0,1,0
img0762.jpg,1,0,0,0,1,0
img0763.jpg,1,0,0,0,1,0
img0764.jpg,1,0,0,0,1,0
img0765.jpg,1,0,0,0,1,0
img0766.jpg,1,0,0,0,1,0
img0767.jpg,0,0,0,1,0,0
img0768.jpg,0,0,0,1,0,0
img0769.jpg,0,0,0,1,0,0
img0770.jpg,0,0,0,1,0,0
img0771.jpg,0,0,0,1,0,0
img0772.jpg,0,0,0,1,0,0
img0773.jpg,0,0,0,1,0,0
img0774.jpg,0,0,0,0,0,1
img0775.jpg,0,0,0,0,0,1
img0776.jpg,0,0,0,0,0,1
img0777.jpg,0,0,0,0,0,1
img0778.jpg,0,0,0,0,0,1
img0779.jpg,0,0,0,0,0,1
img0780.jpg,0,0,0,0,0,1
img0781.jpg,0,0,0,0,1,0
img0782.jpg,0,0,0,0,1,0
img0783.jpg,0,0,0,0,1,0
img0784.jpg,0,0,0,0,1,0
img0785.jpg,0,0,0,0,1,0
img0786.jpg,0,0,0,0,1,0
img0787.jpg,0,0,0,0,1,0
img0788.jpg,2,0,0,0,1,0
img0789.jpg,2,0,0,0,1,0
img0790.jpg,2,0,0,0,1,0
img0791.jpg,2,0,0,0,1,0
img0792.jpg,2,0,0,0,1,0
img0793.jpg,2,0,0,0,1,0
img0794.jpg,2,0,0,0,1,0
img0795.jpg,2,0,0,0,1,0
img0796.jpg,2,0,0,0,0,1
img0797.jpg,2,0,0,0,0,1
img0798.jpg,2,0,0,0,0,1
img0799.jpg,2,0,0,0,0,1
img0800.jpg,2,0,0,0,0,1
img0801.jpg,2,0,0,0,0,1
img0802.jpg,2,0,0,0,0,1
img0803.jpg,2,0,0,1,0,0
img0804.jpg,2,0,0,1,0,0
img0805.jpg,2,0,0,1,0,0
img0806.jpg,2,0,0,1,0,0
img0807.jpg,2,0,0,1,0,0
img0808.jpg,2,0,0,1,0,0
img0809.jpg,2,0,0,1,0,0
img0810.jpg,2,0,0,1,0,0
img0811.jpg,0,0,0,0,1,0
img0812.jpg,0,0,0,0,1,0
img0813.jpg,0,0,0,0,1,0
img0814.jpg,0,0,0,0,1,0
img0815.jpg,0,0,0,0,1,0
img0816.jpg,0,0,0,0,1,0
img0817.jpg,0,0,0,0,1,0
img0818.jpg,0,0,0,0,1,0
img0819.jpg,0,0,0,0,1,0
img0820.jpg,0,0,0,0,1,0
img0821.jpg,0,0,0,0,1,0
img0822.jpg,0,0,0,0,1,0
img0823.jpg,0,0,0,0,1,0
img0824.jpg,0,0,0,0,1,0
img0825.jpg,0,0,0,0,1,0
img0826.jpg,0,0,0,0,1,0
img0827.jpg,0,0,1,0,1,0
img0828.jpg,0,0,1,0,1,0
img0829.jpg,0,0,1,0,1,0
img0830.jpg,0,0,1,0,1,0
img0831.jpg,0,0,1,0,1,0
img0832.jpg,0,0,1,0,1,0
img0833.jpg,0,0,1,0,1,0
img0834.jpg,0,0,1,0,1,0
img0835.jpg,0,0,1,0,1,0
img0836.jpg,0,0,1,0,1,0
img0837.jpg,0,0,1,0,1,0
img0838.jpg,0,0,1,0,1,0
img0839.jpg,0,0,1,0,1,0
img0840.jpg,0,0,1,0,1,0
img0841.jpg,0,0,1,0,1,0
img0842.jpg,0,0,1,0,1,0
img0843.jpg,0,0,1,0,1,0
img0844.jpg,0,0,1,0,1,0
img0845.jpg,0,0,1,0,1,0
img0846.jpg,0,0,1,0,1,0
img0847.jpg,0,0,1,0,1,0
img0848.jpg,0,0,1,0,1,0
img0849.jpg,0,0,1,0,1,0
img0850.jpg,0,0,1,0,1,0
img0851.jpg,0,0,1,0,1,0
img0852.jpg,0,0,1,0,1,0
img0853.jpg,0,0,1,0,1,0
img0854.jpg,0,0,1,0,1,0
img0855.jpg,0,0,1,0,1,0
img0856.jpg,0,0,1,0,1,0
img0857.jpg,0,0,1,0,1,0
img0858.jpg,0,0,1,0,1,0
img0859.jpg,0,0,1,0,1,0
img0860.jpg,0,0,1,0,1,0
img0861.jpg,0,0,1,0,1,0
img0862.jpg,0,0,1,0,1,0
img0863.jpg,0,0,1,0,1,0
img0864.jpg,0,0,1,0,1,0
img0865.jpg,0,0,1,0,1,0
img0866.jpg,0,0,1,0,1,0
img0867.jpg,0,0,1,0,1,0
img0868.jpg,0,0,1,0,1,0
img0869.jpg,0,0,1,0,1,0
img0870.jpg,0,0,1,0,1,0
img0871.jpg,0,0,1,0,1,0
img0872.jpg,0,0,1,0,1,0
img0873.jpg,0,0,1,0,1,0
img0874.jpg,0,0,1,0,1,0
img0875.jpg,0,0,1,0,1,0
img0876.jpg,0,0,1,0,1,0
img0877.jpg,0,0,1,0,1,0
img0878.jpg,0,0,1,0,1,0
img0879.jpg,0,0,1,0,1,0
img0880.jpg,0,0,1,0,1,0
img0881.jpg,0,0,1,0,1,0
img0882.jpg,0,0,1,0,1,0
img0883.jpg,0,0,1,0,1,0
img0884.jpg,0,0,1,0,1,0
img0885.jpg,0,0,1,0,1,0
img0886.jpg,0,0,1,0,1,0
img0887.jpg,0,0,1,0,1,0
img0888.jpg,0,0,1,0,1,0
img0889.jpg,0,0,1,0,1,0
img0890.jpg,0,0,1,0,1,0
img0891.jpg,0,0,1,0,1,0
img0892.jpg,0,0,1,0,1,0
img0893.jpg,0,0,1,0,1,0
img0895.jpg,0,0,1,0,0,1
img0896.jpg,0,0,1,0,0,1
img0897.jpg,0,0,1,0,0,1
img0898.jpg,0,0,1,0,0,1
img0899.jpg,0,0,1,0,0,1
img0900.jpg,0,0,1,0,0,1
img0901.jpg,0,0,1,0,0,1
img0902.jpg,0,0,1,0,0,1
img0903.jpg,0,0,1,0,0,1
img0904.jpg,0,0,1,0,0,1
img0905.jpg,0,0,1,0,0,1
img0906.jpg,0,0,1,0,0,1
img0907.jpg,0,0,1,0,0,1
img0908.jpg,0,0,1,0,0,1
img0909.jpg,0,0,1,0,0,1
img0910.jpg,0,0,1,0,0,1
img0911.jpg,0,0,1,0,0,1
img0912.jpg,0,0,1,0,0,1
img0913.jpg,0,0,1,0,0,1
img0914.jpg,0,0,1,0,0,1
img0915.jpg,0,0,1,0,0,1
img0916.jpg,0,0,1,0,0,1
img0917.jpg,0,0,1,0,0,1
img0918.jpg,0,0,1,0,0,1
img0919.jpg,0,0,1,0,0,1
img0920.jpg,0,0,1,0,0,1
img0921.jpg,0,0,1,0,0,1
img0922.jpg,0,0,1,0,0,1
img0923.jpg,0,0,1,0,0,1
img0924.jpg,0,0,1,0,0,1
img0925.jpg,0,0,1,0,0,1
img0926.jpg,0,0,1,0,0,1
img0927.jpg,0,0,1,0,0,1
img0928.jpg,0,0,1,0,0,1
img0929.jpg,0,0,1,0,0,1
img0930.jpg,0,0,1,0,0,1
img0931.jpg,0,0,1,0,0,1
img0932.jpg,0,0,1,0,0,1
img0933.jpg,0,0,1,0,0,1
img0934.jpg,0,0,1,0,0,1
img0935.jpg,0,0,1,0,0,1
img0936.jpg,0,0,1,0,0,1
img0937.jpg,0,0,1,0,0,1
img0938.jpg,0,0,1,0,0,1
img0939.jpg,0,0,1,0,0,1
img0940.jpg,0,0,1,0,0,1
img0941.jpg,0,0,1,0,0,1
img0942.jpg,0,0,1,0,0,1
img0943.jpg,0,0,1,0,0,1
img0944.jpg,0,0,1,0,0,1
img0945.jpg,0,0,1,0,0,1
img0946.jpg,0,0,1,0,0,1
img0947.jpg,0,0,1,0,0,1
img0948.jpg,0,0,1,0,0,1
img0949.jpg,0,0,1,0,0,1
img0950.jpg,0,0,1,0,0,1
img0951.jpg,0,0,1,0,0,1
img0952.jpg,0,0,1,0,0,1
img0953.jpg,0,0,1,0,0,1
img0954.jpg,0,0,1,0,0,1
img0955.jpg,0,0,1,0,0,1
img0956.jpg,0,0,1,0,0,1
img0957.jpg,0,0,1,1,0,0
img0958.jpg,0,0,1,1,0,0
img0959.jpg,0,0,1,1,0,0
img0960.jpg,0,0,1,1,0,0
img0961.jpg,0,0,1,1,0,0
img0962.jpg,0,0,1,1,0,0
img0963.jpg,0,0,1,1,0,0
img0964.jpg,0,0,1,1,0,0
img0965.jpg,0,0,1,1,0,0
img0966.jpg,0,0,1,1,0,0
img0967.jpg,0,0,1,1,0,0
img0968.jpg,0,0,1,1,0,0
img0969.jpg,0,0,1,1,0,0
img0970.jpg,0,0,1,1,0,0
img0971.jpg,0,0,1,1,0,0
img0972.jpg,0,0,1,1,0,0
img0973.jpg,0,0,1,1,0,0
img0974.jpg,0,0,1,1,0,0
img0975.jpg,0,0,1,1,0,0
img0976.jpg,0,0,1,1,0,0
img0977.jpg,0,0,1,1,0,0
img0978.jpg,0,0,1,1,0,0
img0979.jpg,0,0,1,1,0,0
img0980.jpg,0,0,1,1,0,0
img0981.jpg,0,0,1,1,0,0
img0982.jpg,0,0,1,1,0,0
img0983.jpg,0,0,1,1,0,0
img0984.jpg,0,0,1,1,0,0
img0985.jpg,0,0,1,1,0,0
img0986.jpg,0,0,1,1,0,0
img0987.jpg,0,0,1,1,0,0
img0988.jpg,0,0,1,1,0,0
img0989.jpg,0,0,1,1,0,0
img0990.jpg,0,0,1,1,0,0
img0991.jpg,0,0,1,1,0,0
img0992.jpg,0,0,1,1,0,0
img0993.jpg,0,0,1,1,0,0
img0994.jpg,0,0,1,1,0,0
img0995.jpg,0,0,1,1,0,0
img0996.jpg,0,0,1,1,0,0
img0997.jpg,0,0,1,1,0,0
img0998.jpg,0,0,1,1,0,0
img0999.jpg,0,0,1,1,0,0
img1000.jpg,0,0,1,1,0,0
img1001.jpg,0,0,1,1,0,0
img1002.jpg,0,0,1,1,0,0
img1003.jpg,0,0,1,1,0,0
img1004.jpg,0,0,1,1,0,0
img1005.jpg,0,0,1,1,0,0
img1006.jpg,0,0,1,1,0,0
img1007.jpg,0,0,1,1,0,0
img1008.jpg,0,0,1,1,0,0
img1009.jpg,0,0,1,1,0,0
img1010.jpg,0,0,1,1,0,0
img1011.jpg,0,0,1,1,0,0
img1012.jpg,0,0,1,1,0,0
img1013.jpg,0,0,1,1,0,0
img1014.jpg,0,0,1,1,0,0
img1015.jpg,0,0,1,1,0,0
img1016.jpg,0,0,1,1,0,0
img1017.jpg,0,0,1,1,0,0
img1018.jpg,0,0,1,1,0,0
img1019.jpg,0,0,1,1,0,0
img1020.jpg,0,0,1,1,0,0
img1021.jpg,0,0,1,1,0,0
img1022.jpg,2,0,0,0,1,0
img1023.jpg,2,0,0,0,1,0
img1024.jpg,2,0,0,0,1,0
img1025.jpg,2,0,0,0,1,0
img1026.jpg,2,0,0,0,1,0
img1027.jpg,2,0,0,0,1,0
img1028.jpg,2,0,0,0,1,0
img1029.jpg,2,0,0,0,1,0
img1030.jpg,2,0,0,0,1,0
img1031.jpg,2,0,0,0,1,0
img1032.jpg,2,0,0,0,1,0
img1033.jpg,2,0,0,0,1,0
img1034.jpg,2,0,1,0,0,1
img1035.jpg,2,0,1,0,0,1
img1036.jpg,2,0,1,0,0,1
img1037.jpg,2,0,1,0,0,1
img1038.jpg,2,0,1,0,0,1
img1039.jpg,2,0,1,0,0,1
img1040.jpg,2,0,1,0,0,1
img1041.jpg,2,0,1,0,0,1
img1042.jpg,2,0,1,0,0,1
img1043.jpg,2,0,1,0,0,1
img1044.jpg,2,0,1,0,0,1
img1045.jpg,2,0,1,0,0,1
img1046.jpg,2,0,1,0,0,1
img1047.jpg,2,0,1,0,0,1
img1048.jpg,2,0,1,0,0,1
img1049.jpg,2,0,1,0,0,1
img1050.jpg,2,0,1,0,0,1
img1051.jpg,2,0,1,0,0,1
img1052.jpg,2,0,1,0,0,1
img1053.jpg,2,0,1,0,0,1
img1054.jpg,2,0,1,0,0,1
img1055.jpg,2,0,1,0,0,1
img1056.jpg,2,0,1,0,0,1
img1057.jpg,2,0,1,0,0,1
img1058.jpg,2,0,1,0,0,1
img1059.jpg,2,0,1,0,0,1
img1060.jpg,2,0,1,0,0,1
img1061.jpg,2,0,1,0,0,1
img1062.jpg,2,0,1,0,0,1
img1063.jpg,2,0,1,0,0,1
img1064.jpg,2,0,1,0,0,1
img1065.jpg,2,0,1,0,0,1
img1066.jpg,2,0,1,0,0,1
img1067.jpg,2,0,1,0,0,1
img1068.jpg,2,0,1,0,0,1
img1069.jpg,2,0,1,1,0,0
img1070.jpg,2,0,1,1,0,0
img1071.jpg,2,0,1,1,0,0
img1072.jpg,2,0,1,1,0,0
img1073.jpg,2,0,1,1,0,0
img1074.jpg,2,0,1,1,0,0
img1075.jpg,2,0,1,1,0,0
img1076.jpg,2,0,1,1,0,0
img1077.jpg,2,0,1,1,0,0
img1078.jpg,2,0,1,1,0,0
img1079.jpg,2,0,1,1,0,0
img1080.jpg,2,0,1,1,0,0
img1081.jpg,2,0,1,1,0,0
img1082.jpg,2,0,1,1,0,0
img1083.jpg,2,0,1,1,0,0
img1084.jpg,2,0,1,1,0,0
img1085.jpg,2,0,1,1,0,0
img1086.jpg,2,0,1,1,0,0
img1087.jpg,2,0,1,1,0,0
img1088.jpg,2,0,1,1,0,0
img1089.jpg,2,0,1,1,0,0
img1090.jpg,2,0,1,1,0,0
img1091.jpg,2,0,1,1,0,0
img1092.jpg,2,0,1,1,0,0
img1093.jpg,2,0,1,1,0,0
img1094.jpg,2,0,1,1,0,0
img1095.jpg,2,0,1,1,0,0
img1096.jpg,2,0,1,1,0,0
img1097.jpg,2,0,1,1,0,0
img1098.jpg,2,0,1,1,0,0
img1099.jpg,2,0,1,1,0,0
img1100.jpg,2,0,1,1,0,0
img1101.jpg,2,0,1,1,0,0
img1102.jpg,2,0,1,1,0,0
img1103.jpg,2,0,1,1,0,0
img1104.jpg,2,0,1,1,0,0
img1105.jpg,2,0,1,1,0,0
img1106.jpg,2,0,1,1,0,0
img1107.jpg,2,0,1,1,0,0
img1108.jpg,2,0,1,1,0,0
img1109.jpg,2,0,1,1,0,0
img1110.jpg,2,0,1,1,0,0
img1111.jpg,2,0,1,1,0,0
img1112.jpg,2,0,1,1,0,0
img1113.jpg,2,0,1,1,0,0
img1114.jpg,2,0,1,1,0,0
img1115.jpg,2,0,1,1,0,0
img1116.jpg,2,0,1,1,0,0
img1117.jpg,2,0,1,1,0,0
img1118.jpg,2,0,1,1,0,0
img1119.jpg,2,0,1,1,0,0
img1120.jpg,2,0,1,1,0,0
img1121.jpg,2,0,1,1,0,0
img1122.jpg,2,0,1,1,0,0
img1123.jpg,2,0,1,1,0,0
img1124.jpg,2,0,1,1,0,0
img1125.jpg,2,0,1,1,0,0
img1126.jpg,2,0,1,1,0,0
img1127.jpg,2,0,1,1,0,0
img1128.jpg,2,0,1,1,0,0
img1129.jpg,2,0,1,1,0,0
img1130.jpg,2,0,1,1,0,0
img1131.jpg,2,0,1,1,0,0
img1132.jpg,2,0,1,1,0,0
img1133.jpg,2,0,1,1,0,0
img1134.jpg,2,0,1,1,0,0
img1135.jpg,2,0,1,1,0,0
img1136.jpg,2,0,1,1,0,0
img1137.jpg,2,0,1,1,0,0
img1138.jpg,2,0,1,1,0,0
img1139.jpg,2,0,1,1,0,0
img1140.jpg,2,0,0,0,1,0
img1141.jpg,2,0,0,0,1,0
img1142.jpg,2,0,0,0,1,0
img1143.jpg,2,0,0,0,1,0
img1144.jpg,2,0,0,0,1,0
img1145.jpg,2,0,0,0,1,0
img1146.jpg,2,0,0,0,1,0
img1147.jpg,2,0,0,0,1,0
img1148.jpg,2,0,0,0,1,0
img1149.jpg,2,0,0,0,1,0
img1150.jpg,2,0,0,0,1,0
img1151.jpg,2,0,0,0,1,0
img1152.jpg,2,0,0,0,1,0
img1153.jpg,2,0,0,0,1,0
img1154.jpg,0,0,0,0,1,0
img1155.jpg,0,0,0,0,1,0
img1156.jpg,0,0,0,0,1,0
img1157.jpg,0,0,0,0,1,0
img1158.jpg,0,0,0,0,1,0
img1159.jpg,0,0,0,0,1,0
img1160.jpg,0,0,0,0,1,0
img1161.jpg,0,0,0,0,1,0
img1162.jpg,0,0,0,0,1,0
img1163.jpg,0,0,0,0,1,0
img1164.jpg,0,0,0,0,1,0
img1165.jpg,0,0,0,0,1,0
img1166.jpg,0,0,0,0,1,0
img1167.jpg,0,0,0,0,1,0
img1168.jpg,0,0,0,0,1,0
img1169.jpg,0,0,0,0,1,0
img1170.jpg,0,0,0,0,1,0
img1171.jpg,0,0,0,0,1,0
img1172.jpg,0,0,0,0,1,0
img1173.jpg,0,0,0,0,1,0
img1174.jpg,1,0,0,0,1,0
img1175.jpg,1,0,0,0,1,0
img1176.jpg,1,0,0,0,1,0
img1177.jpg,1,0,0,0,1,0
img1178.jpg,1,0,0,0,1,0
img1179.jpg,1,0,0,0,1,0
img1180.jpg,1,0,0,0,1,0
img1181.jpg,1,0,0,0,1,0
img1182.jpg,1,0,0,0,1,0
img1183.jpg,1,0,0,0,1,0
img1184.jpg,1,0,0,0,1,0
img1185.jpg,1,0,0,0,1,0
img1186.jpg,1,0,0,0,1,0
img1187.jpg,1,0,0,0,1,0
img1188.jpg,1,0,0,0,1,0
img1189.jpg,1,0,0,0,1,0
img1190.jpg,1,0,0,0,1,0
img1191.jpg,1,0,0,0,1,0
img1192.jpg,1,0,0,0,1,0
img1193.jpg,2,1,0,0,1,0
img1194.jpg,2,1,0,0,1,0
img1195.jpg,2,1,0,0,1,0
img1196.jpg,2,1,0,0,1,0
img1197.jpg,2,1,0,0,1,0
img1198.jpg,2,1,0,0,1,0
img1199.jpg,2,1,0,0,1,0
img1200.jpg,2,1,0,0,1,0
img1201.jpg,2,1,0,0,1,0
img1202.jpg,2,1,0,0,1,0
img1203.jpg,2,1,0,0,1,0
img1204.jpg,0,1,0,0,1,0
img1205.jpg,0,1,0,0,1,0
img1206.jpg,0,1,0,0,1,0
img1207.jpg,0,1,0,0,1,0
img1208.jpg,0,1,0,0,1,0
img1209.jpg,0,1,0,0,1,0
img1210.jpg,0,1,0,0,1,0
img1211.jpg,0,1,0,0,1,0
img1212.jpg,0,1,0,0,1,0
img1213.jpg,0,1,0,0,1,0
img1214.jpg,1,1,0,0,1,0
img1215.jpg,1,1,0,0,1,0
img1216.jpg,1,1,0,0,1,0
img1217.jpg,1,1,0,0,1,0
img1218.jpg,1,1,0,0,1,0
img1219.jpg,1,1,0,0,1,0
img1220.jpg,1,1,0,0,1,0
img1221.jpg,1,1,0,0,1,0
img1222.jpg,1,1,0,0,1,0
img1223.jpg,1,1,0,0,1,0
img1224.jpg,1,1,0,0,1,0
img1225.jpg,1,1,0,0,1,0
img1226.jpg,2,1,0,0,1,0
img1227.jpg,2,1,0,0,1,0
img1228.jpg,2,1,0,0,1,0
img1229.jpg,2,1,0,0,1,0
img1230.jpg,2,1,0,0,1,0
img1231.jpg,2,1,0,0,1,0
img1232.jpg,0,0,0,0,0,1
img1233.jpg,0,0,0,0,0,1
img1234.jpg,0,0,0,0,0,1
img1235.jpg,0,0,0,0,0,1
img1236.jpg,0,0,0,0,0,1
img1237.jpg,0,0,0,0,0,1
img1238.jpg,1,0,0,0,0,1
img1239.jpg,1,0,0,0,0,1
img1240.jpg,1,0,0,0,0,1
img1241.jpg,1,0,0,0,0,1
img1242.jpg,1,0,0,0,0,1
img1243.jpg,1,0,0,0,0,1
img1244.jpg,1,0,0,1,0,0
img1245.jpg,1,0,0,1,0,0
img1246.jpg,1,0,0,1,0,0
img1247.jpg,1,0,0,1,0,0
img1248.jpg,1,0,0,1,0,0
img1249.jpg,1,0,0,1,0,0
img1250.jpg,1,0,0,1,0,0
img1251.jpg,1,0,0,1,0,0
img1252.jpg,0,0,0,1,0,0
img1253.jpg,0,0,0,1,0,0
img1254.jpg,0,0,0,1,0,0
img1255.jpg,0,0,0,1,0,0
img1256.jpg,0,0,0,1,0,0
img1257.jpg,0,0,0,1,0,0
img1258.jpg,0,0,0,1,0,0
img1259.jpg,0,0,0,1,0,0
img1260.jpg,0,0,0,1,0,0
img1261.jpg,0,0,0,1,0,0
img1262.jpg,0,0,0,1,0,0
img1263.jpg,2,0,0,1,0,0
img1264.jpg,2,0,0,1,0,0
img1265.jpg,2,0,0,1,0,0
img1266.jpg,2,0,0,1,0,0
img1267.jpg,2,0,0,1,0,0
img1268.jpg,2,0,0,1,0,0
img1269.jpg,2,0,0,1,0,0
img1270.jpg,2,0,0,1,0,0
img1271.jpg,2,0,0,1,0,0
img1272.jpg,2,0,0,1,0,0
img1273.jpg,0,1,0,0,1,0
img1274.jpg,0,1,0,0,1,0
img1275.jpg,0,1,0,0,1,0
img1276.jpg,0,1,0,0,1,0
img1277.jpg,0,1,0,0,1,0
img1278.jpg,0,1,0,0,1,0
img1279.jpg,0,1,0,0,1,0
img1280.jpg,0,1,0,0,1,0
img1281.jpg,0,1,0,0,0,1
img1282.jpg,0,1,0,0,0,1
img1283.jpg,0,1,0,0,0,1
img1284.jpg,0,1,0,0,0,1
img1285.jpg,0,1,0,0,0,1
img1286.jpg,0,1,0,0,0,1
img1287.jpg,0,1,0,0,0,1
img1288.jpg,0,1,0,0,0,1
img1289.jpg,0,1,0,1,0,0
img1290.jpg,0,1,0,1,0,0
img1291.jpg,0,1,0,1,0,0
img1292.jpg,0,1,0,1,0,0
img1293.jpg,0,1,0,1,0,0
img1294.jpg,0,1,0,1,0,0
img1295.jpg,0,1,1,1,0,0
img1296.jpg,0,1,1,1,0,0
img1297.jpg,0,1,1,1,0,0
img1298.jpg,0,1,1,1,0,0
img1299.jpg,0,1,1,1,0,0
img1300.jpg,0,1,1,1,0,0
img1301.jpg,0,1,1,1,0,0
img1302.jpg,0,1,1,0,0,1
img1303.jpg,0,1,1,0,0,1
img1304.jpg,0,1,1,0,0,1
img1305.jpg,0,1,1,0,0,1
img1306.jpg,0,1,1,0,0,1
img1307.jpg,0,1,1,0,0,1
img1308.jpg,0,1,1,0,0,1
img1309.jpg,0,1,1,0,0,1
img1310.jpg,0,1,1,0,1,0
img1311.jpg,0,1,1,0,1,0
img1312.jpg,0,1,1,0,1,0
img1313.jpg,0,1,1,0,1,0
img1314.jpg,0,1,1,0,1,0
img1315.jpg,0,1,1,0,1,0
img1316.jpg,0,1,1,0,1,0
img1317.jpg,0,1,1,0,1,0
img1318.jpg,0,1,1,1,0,0
img1319.jpg,0,1,1,1,0,0
img1320.jpg,0,1,1,1,0,0
img1321.jpg,0,1,1,1,0,0
img1322.jpg,0,1,1,1,0,0
img1323.jpg,0,1,1,1,0,0
img1324.jpg,0,1,1,0,0,1
img1325.jpg,0,1,1,0,0,1
img1326.jpg,0,1,1,0,0,1
img1327.jpg,0,1,1,0,0,1
img1328.jpg,0,1,1,0,0,1
img1329.jpg,0,1,1,0,0,1
img1330.jpg,0,1,1,0,0,1
img1331.jpg,0,1,1,0,1,0
img1332.jpg,0,1,1,0,1,0
img1333.jpg,0,1,1,0,1,0
img1334.jpg,0,1,1,0,1,0
img1335.jpg,0,1,1,0,1,0
img1336.jpg,0,1,1,0,1,0
img1337.jpg,0,1,1,0,1,0
img1338.jpg,2,1,0,1,0,0
img1339.jpg,2,1,1,0,1,0
